Count of listed_in,listed_in
362,"Dramas, International Movies"
356,Documentaries
334,Stand-Up Comedy
274,"Comedies, Dramas, International Movies"
252,"Dramas, Independent Movies, International Movies"
215,Children & Family Movies
210,Kids' TV
201,"Children & Family Movies, Comedies"
185,"Documentaries, International Movies"
180,"Dramas, International Movies, Romantic Movies"
176,"Comedies, International Movies"
152,"Comedies, International Movies, Romantic Movies"
138,Dramas
134,"Dramas, International Movies, Thrillers"
132,"Action & Adventure, Dramas, International Movies"
128,Action & Adventure
118,"International TV Shows, TV Dramas"
116,"Comedies, Dramas, Independent Movies"
110,Comedies
109,"Crime TV Shows, International TV Shows, TV Dramas"
101,"Action & Adventure, International Movies"
100,"Dramas, Independent Movies"
93,"Kids' TV, TV Comedies"
90,"International TV Shows, Romantic TV Shows, TV Dramas"
89,"International TV Shows, Romantic TV Shows, TV Comedies"
86,"Anime Series, International TV Shows"
86,Reality TV
82,Docuseries
82,"Dramas, Thrillers"
81,"Documentaries, Music & Musicals"
80,"Comedies, Romantic Movies"
70,"Action & Adventure, Comedies, International Movies"
67,"International Movies, Thrillers"
67,TV Comedies
65,"International TV Shows, Korean TV Shows, Romantic TV Shows"
65,Thrillers
62,"Action & Adventure, Sci-Fi & Fantasy"
62,"Documentaries, Sports Movies"
60,"Crime TV Shows, International TV Shows, Spanish-Language TV Shows"
57,"Dramas, International Movies, Music & Musicals"
57,"Horror Movies, International Movies"
57,Movies
55,"Comedies, International Movies, Music & Musicals"
55,Horror Movies
54,"Horror Movies, Thrillers"
52,"Dramas, Romantic Movies"
51,"Action & Adventure, Comedies"
49,"Crime TV Shows, Docuseries"
45,"Horror Movies, International Movies, Thrillers"
44,"Documentaries, International Movies, Sports Movies"
41,"Documentaries, International Movies, Music & Musicals"
40,"International TV Shows, TV Comedies, TV Dramas"
38,"Action & Adventure, Anime Features, International Movies"
37,"Docuseries, Science & Nature TV"
36,"International TV Shows, Reality TV"
35,TV Dramas
34,"Action & Adventure, Dramas"
33,"International TV Shows, TV Comedies"
31,"Dramas, Independent Movies, Thrillers"
30,"British TV Shows, Docuseries, International TV Shows"
30,"Docuseries, International TV Shows"
29,"Children & Family Movies, Dramas"
29,"Comedies, Dramas"
28,"TV Comedies, TV Dramas"
27,"Action & Adventure, Comedies, Dramas"
27,"Stand-Up Comedy & Talk Shows, TV Comedies"
26,"British TV Shows, International TV Shows, Reality TV"
25,"British TV Shows, Crime TV Shows, International TV Shows"
25,"British TV Shows, Docuseries, Science & Nature TV"
25,"Comedies, Independent Movies"
25,"Crime TV Shows, Docuseries, International TV Shows"
25,"Dramas, International Movies, Sports Movies"
24,"Dramas, Independent Movies, Romantic Movies"
24,"International TV Shows, Spanish-Language TV Shows, TV Dramas"
23,"Anime Series, Kids' TV"
23,"International TV Shows, Romantic TV Shows, Spanish-Language TV Shows"
23,"International TV Shows, TV Dramas, TV Mysteries"
22,"Comedies, Independent Movies, International Movies"
21,"Documentaries, LGBTQ Movies"
20,"British TV Shows, Kids' TV"
20,"Children & Family Movies, Music & Musicals"
20,"Crime TV Shows, International TV Shows, Korean TV Shows"
20,"International TV Shows, TV Action & Adventure, TV Dramas"
19,"British TV Shows, Crime TV Shows, Docuseries"
19,"Comedies, Dramas, Romantic Movies"
19,"Dramas, Sports Movies"
18,"Crime TV Shows, International TV Shows, TV Action & Adventure"
18,"Dramas, Faith & Spirituality"
18,"Horror Movies, Independent Movies"
18,"International Movies, Romantic Movies"
18,"International TV Shows, Korean TV Shows, TV Dramas"
17,"Crime TV Shows, TV Dramas, TV Mysteries"
17,"Dramas, Independent Movies, LGBTQ Movies"
17,"International TV Shows, Spanish-Language TV Shows, TV Comedies"
17,"Kids' TV, Korean TV Shows"
16,"Action & Adventure, International Movies, Sci-Fi & Fantasy"
16,"British TV Shows, International TV Shows, TV Comedies"
16,"Children & Family Movies, Comedies, Dramas"
16,"Classic Movies, Dramas, International Movies"
16,"Crime TV Shows, TV Dramas"
16,"Horror Movies, Independent Movies, Thrillers"
16,TV Shows
15,"Children & Family Movies, Comedies, Music & Musicals"
15,"Comedies, Horror Movies, International Movies"
15,"Docuseries, Reality TV"
15,"International TV Shows, TV Dramas, TV Horror"
14,"British TV Shows, International TV Shows, TV Dramas"
13,"Docuseries, International TV Shows, Science & Nature TV"
13,"Dramas, International Movies, Sci-Fi & Fantasy"
13,"International TV Shows, TV Dramas, Teen TV Shows"
12,"Action & Adventure, Dramas, Independent Movies"
12,"British TV Shows, Docuseries"
12,"Comedies, Cult Movies"
12,"Comedies, Horror Movies"
12,"Dramas, Faith & Spirituality, International Movies"
12,"Dramas, International Movies, LGBTQ Movies"
12,"Sci-Fi & Fantasy, Thrillers"
11,"Action & Adventure, Horror Movies, Sci-Fi & Fantasy"
11,"Action & Adventure, International Movies, Music & Musicals"
11,"Anime Series, Crime TV Shows, International TV Shows"
11,"British TV Shows, TV Comedies"
11,"Children & Family Movies, Comedies, Sci-Fi & Fantasy"
11,"Children & Family Movies, Dramas, International Movies"
11,"Classic Movies, Documentaries"
11,"Classic Movies, Dramas"
11,"Crime TV Shows, TV Action & Adventure, TV Dramas"
11,"Independent Movies, Thrillers"
11,"International Movies, Music & Musicals"
11,"International TV Shows, TV Dramas, TV Thrillers"
11,"Reality TV, Romantic TV Shows"
11,"Romantic TV Shows, TV Comedies, TV Dramas"
10,Anime Series
10,"Crime TV Shows, International TV Shows, TV Comedies"
10,"Horror Movies, Independent Movies, International Movies"
10,"International TV Shows, Reality TV, Spanish-Language TV Shows"
10,"Kids' TV, TV Action & Adventure, TV Sci-Fi & Fantasy"
10,Music & Musicals
10,"TV Action & Adventure, TV Dramas, TV Sci-Fi & Fantasy"
9,"Action & Adventure, Classic Movies, Dramas"
9,"Anime Series, International TV Shows, Romantic TV Shows"
9,"Anime Series, International TV Shows, Teen TV Shows"
9,"British TV Shows, Reality TV"
9,"Children & Family Movies, Documentaries"
9,"Children & Family Movies, Dramas, Romantic Movies"
9,"Children & Family Movies, Dramas, Sports Movies"
9,"Classic Movies, Dramas, Independent Movies"
9,"International Movies, Sci-Fi & Fantasy, Thrillers"
9,"International TV Shows, Korean TV Shows, TV Comedies"
9,"International TV Shows, TV Horror, TV Mysteries"
9,"Romantic TV Shows, TV Dramas"
9,"TV Action & Adventure, TV Sci-Fi & Fantasy"
9,"TV Dramas, TV Horror, TV Mysteries"
8,"Action & Adventure, Comedies, Sci-Fi & Fantasy"
8,"Children & Family Movies, Comedies, Romantic Movies"
8,"Children & Family Movies, Sci-Fi & Fantasy"
8,"Comedies, Independent Movies, Romantic Movies"
8,"Comedies, International Movies, LGBTQ Movies"
8,"Comedies, Sports Movies"
8,"Crime TV Shows, TV Comedies, TV Dramas"
8,"Documentaries, Faith & Spirituality"
8,"Docuseries, International TV Shows, Spanish-Language TV Shows"
8,"Dramas, Independent Movies, Music & Musicals"
8,"Dramas, Independent Movies, Sports Movies"
8,"International TV Shows, Reality TV, Romantic TV Shows"
7,"Action & Adventure, Comedies, Independent Movies"
7,"Action & Adventure, Independent Movies"
7,"Anime Features, Children & Family Movies"
7,"British TV Shows, International TV Shows, Romantic TV Shows"
7,"British TV Shows, Kids' TV, TV Comedies"
7,"Comedies, Music & Musicals"
7,"Crime TV Shows, International TV Shows, Romantic TV Shows"
7,"Crime TV Shows, TV Dramas, TV Thrillers"
7,"Documentaries, International Movies, LGBTQ Movies"
7,"Dramas, Independent Movies, Sci-Fi & Fantasy"
7,"Dramas, LGBTQ Movies"
7,"Dramas, Music & Musicals"
7,"International TV Shows, Stand-Up Comedy & Talk Shows, TV Comedies"
7,"International TV Shows, TV Dramas, TV Sci-Fi & Fantasy"
7,"Kids' TV, TV Action & Adventure, TV Comedies"
7,"Music & Musicals, Stand-Up Comedy"
7,"TV Comedies, TV Dramas, Teen TV Shows"
6,"Action & Adventure, Children & Family Movies, Sci-Fi & Fantasy"
6,"Action & Adventure, Documentaries, International Movies"
6,"Action & Adventure, Horror Movies"
6,"Action & Adventure, International Movies, Romantic Movies"
6,"Children & Family Movies, Documentaries, International Movies"
6,"Children & Family Movies, Dramas, Faith & Spirituality"
6,"Comedies, Cult Movies, Dramas"
6,"Comedies, International Movies, Sci-Fi & Fantasy"
6,"Comedies, International Movies, Sports Movies"
6,"Dramas, Sci-Fi & Fantasy"
6,"Horror Movies, Sci-Fi & Fantasy, Thrillers"
6,"International Movies, Music & Musicals, Romantic Movies"
6,"International TV Shows, Korean TV Shows, Reality TV"
6,"International TV Shows, Korean TV Shows, TV Action & Adventure"
6,"International TV Shows, TV Action & Adventure, TV Comedies"
6,Stand-Up Comedy & Talk Shows
6,"TV Comedies, Teen TV Shows"
5,"Action & Adventure, Children & Family Movies, Comedies"
5,"Action & Adventure, Classic Movies"
5,"Action & Adventure, Classic Movies, Cult Movies"
5,"Action & Adventure, Cult Movies, International Movies"
5,"Action & Adventure, Dramas, Sci-Fi & Fantasy"
5,"Action & Adventure, Horror Movies, International Movies"
5,"Action & Adventure, Independent Movies, Sci-Fi & Fantasy"
5,"British TV Shows, International TV Shows, TV Action & Adventure"
5,"Children & Family Movies, Comedies, International Movies"
5,"Children & Family Movies, Sports Movies"
5,"Classic & Cult TV, TV Comedies"
5,"Comedies, Horror Movies, Independent Movies"
5,"Comedies, Independent Movies, LGBTQ Movies"
5,"Comedies, International Movies, Thrillers"
5,"Cult Movies, Horror Movies"
5,"Docuseries, International TV Shows, Reality TV"
5,"Docuseries, Reality TV, Science & Nature TV"
5,"Dramas, Music & Musicals, Romantic Movies"
5,"Dramas, Romantic Movies, Sci-Fi & Fantasy"
5,"Dramas, Sci-Fi & Fantasy, Thrillers"
5,"Independent Movies, International Movies, Thrillers"
5,"International TV Shows, Stand-Up Comedy & Talk Shows"
5,"Kids' TV, TV Thrillers"
5,"TV Dramas, Teen TV Shows"
5,"TV Dramas, TV Thrillers"
4,"Action & Adventure, Anime Features, Children & Family Movies"
4,"Action & Adventure, Anime Features, Sci-Fi & Fantasy"
4,"Action & Adventure, Children & Family Movies, Classic Movies"
4,"Action & Adventure, Classic Movies, Comedies"
4,"Action & Adventure, Comedies, Cult Movies"
4,"Action & Adventure, Comedies, Romantic Movies"
4,"Action & Adventure, Thrillers"
4,"Anime Series, International TV Shows, TV Thrillers"
4,"British TV Shows, Crime TV Shows, TV Dramas"
4,"Classic & Cult TV, Crime TV Shows, International TV Shows"
4,"Classic Movies, Comedies, Dramas"
4,"Comedies, Dramas, LGBTQ Movies"
4,"Comedies, Dramas, Music & Musicals"
4,"Comedies, Horror Movies, Sci-Fi & Fantasy"
4,"Crime TV Shows, Docuseries, TV Mysteries"
4,"Horror Movies, Sci-Fi & Fantasy"
4,"International Movies, Sci-Fi & Fantasy"
4,"International TV Shows, Romantic TV Shows, Teen TV Shows"
4,"International TV Shows, TV Action & Adventure, TV Sci-Fi & Fantasy"
4,"Kids' TV, Korean TV Shows, TV Comedies"
4,"Kids' TV, Spanish-Language TV Shows"
4,"Kids' TV, TV Comedies, TV Dramas"
4,"Romantic TV Shows, TV Comedies"
4,"TV Action & Adventure, TV Dramas"
4,"TV Dramas, TV Mysteries, TV Sci-Fi & Fantasy"
4,"TV Horror, TV Mysteries, TV Sci-Fi & Fantasy"
4,"TV Horror, TV Mysteries, TV Thrillers"
3,"Action & Adventure, Children & Family Movies, Dramas"
3,"Action & Adventure, Cult Movies, Sci-Fi & Fantasy"
3,"Action & Adventure, Dramas, Sports Movies"
3,"Action & Adventure, Independent Movies, International Movies"
3,"Action & Adventure, Romantic Movies"
3,"Anime Features, Children & Family Movies, International Movies"
3,"Anime Series, Crime TV Shows"
3,"Anime Series, International TV Shows, TV Horror"
3,"Anime Series, Romantic TV Shows, Teen TV Shows"
3,"Anime Series, Teen TV Shows"
3,"British TV Shows, Classic & Cult TV, International TV Shows"
3,"Children & Family Movies, Classic Movies, Comedies"
3,"Children & Family Movies, Comedies, Sports Movies"
3,"Children & Family Movies, Dramas, Independent Movies"
3,"Classic Movies, Comedies, Cult Movies"
3,"Classic Movies, Comedies, International Movies"
3,"Classic Movies, Dramas, Romantic Movies"
3,"Comedies, Cult Movies, Horror Movies"
3,"Comedies, Cult Movies, International Movies"
3,"Comedies, Faith & Spirituality, International Movies"
3,"Comedies, Sci-Fi & Fantasy"
3,"Crime TV Shows, TV Action & Adventure"
3,"Crime TV Shows, TV Action & Adventure, TV Comedies"
3,"Documentaries, Faith & Spirituality, International Movies"
3,"Docuseries, Spanish-Language TV Shows"
3,"Docuseries, Stand-Up Comedy & Talk Shows"
3,"Docuseries, TV Comedies"
3,"Dramas, Romantic Movies, Sports Movies"
3,"Horror Movies, Independent Movies, Sci-Fi & Fantasy"
3,"Independent Movies, Sci-Fi & Fantasy, Thrillers"
3,International Movies
3,"International Movies, LGBTQ Movies, Romantic Movies"
3,"International Movies, Music & Musicals, Thrillers"
3,"International TV Shows, Korean TV Shows, Stand-Up Comedy & Talk Shows"
3,"International TV Shows, Romantic TV Shows"
3,"International TV Shows, Romantic TV Shows, TV Action & Adventure"
3,"International TV Shows, Spanish-Language TV Shows, TV Action & Adventure"
3,"International TV Shows, TV Comedies, TV Sci-Fi & Fantasy"
3,"International TV Shows, TV Horror, TV Thrillers"
3,"Kids' TV, TV Dramas"
3,"Reality TV, TV Comedies"
3,Romantic Movies
3,"TV Action & Adventure, TV Comedies, TV Horror"
3,"TV Action & Adventure, TV Dramas, TV Horror"
2,"Action & Adventure, Anime Features, Classic Movies"
2,"Action & Adventure, Children & Family Movies"
2,"Action & Adventure, Dramas, Faith & Spirituality"
2,"Action & Adventure, Dramas, Romantic Movies"
2,"Action & Adventure, Horror Movies, Thrillers"
2,"Action & Adventure, International Movies, Sports Movies"
2,"Action & Adventure, International Movies, Thrillers"
2,"Action & Adventure, Sports Movies"
2,"Anime Features, International Movies"
2,"Anime Features, International Movies, Romantic Movies"
2,"Anime Features, Music & Musicals, Sci-Fi & Fantasy"
2,"Anime Series, Romantic TV Shows"
2,"Anime Series, TV Horror, TV Thrillers"
2,"British TV Shows, Classic & Cult TV, TV Comedies"
2,"British TV Shows, Kids' TV, TV Dramas"
2,"British TV Shows, Reality TV, Romantic TV Shows"
2,"British TV Shows, Romantic TV Shows, TV Dramas"
2,"Children & Family Movies, Documentaries, Sports Movies"
2,"Children & Family Movies, Dramas, Music & Musicals"
2,"Children & Family Movies, Independent Movies"
2,"Classic & Cult TV, TV Action & Adventure, TV Dramas"
2,"Classic & Cult TV, TV Action & Adventure, TV Horror"
2,"Classic & Cult TV, TV Action & Adventure, TV Sci-Fi & Fantasy"
2,"Classic Movies, Comedies, Independent Movies"
2,"Classic Movies, Comedies, Music & Musicals"
2,"Classic Movies, Cult Movies, Dramas"
2,"Classic Movies, Cult Movies, Horror Movies"
2,"Classic Movies, Dramas, Music & Musicals"
2,"Classic Movies, Dramas, Sports Movies"
2,"Comedies, Cult Movies, Music & Musicals"
2,"Comedies, Documentaries"
2,"Comedies, Dramas, Faith & Spirituality"
2,"Comedies, Faith & Spirituality, Romantic Movies"
2,"Comedies, Independent Movies, Thrillers"
2,"Comedies, LGBTQ Movies"
2,"Comedies, Music & Musicals, Romantic Movies"
2,"Crime TV Shows, Docuseries, Science & Nature TV"
2,"Crime TV Shows, Kids' TV, TV Comedies"
2,"Crime TV Shows, Romantic TV Shows, TV Dramas"
2,"Crime TV Shows, Spanish-Language TV Shows, TV Action & Adventure"
2,"Crime TV Shows, TV Action & Adventure, TV Thrillers"
2,"Cult Movies, Horror Movies, Independent Movies"
2,"Documentaries, Dramas, International Movies"
2,"Documentaries, Horror Movies"
2,"Documentaries, LGBTQ Movies, Music & Musicals"
2,"Documentaries, Stand-Up Comedy"
2,"Docuseries, Science & Nature TV, TV Action & Adventure"
2,"Docuseries, TV Dramas"
2,"Dramas, Faith & Spirituality, Romantic Movies"
2,"Dramas, LGBTQ Movies, Romantic Movies"
2,"Dramas, Romantic Movies, Thrillers"
2,"Horror Movies, International Movies, Romantic Movies"
2,"Horror Movies, LGBTQ Movies"
2,"International Movies, Romantic Movies, Thrillers"
2,International TV Shows
2,"International TV Shows, Reality TV, TV Comedies"
2,"International TV Shows, Spanish-Language TV Shows, Stand-Up Comedy & Talk Shows"
2,"International TV Shows, TV Action & Adventure, TV Mysteries"
2,"International TV Shows, TV Mysteries, TV Thrillers"
2,"Kids' TV, TV Action & Adventure"
2,"Kids' TV, TV Sci-Fi & Fantasy"
2,"Reality TV, Science & Nature TV"
2,"Reality TV, Teen TV Shows"
2,"Reality TV, TV Comedies, TV Horror"
2,"Romantic TV Shows, TV Dramas, Teen TV Shows"
2,"Romantic TV Shows, TV Dramas, TV Sci-Fi & Fantasy"
2,"Spanish-Language TV Shows, TV Dramas"
2,"TV Action & Adventure, TV Comedies, TV Sci-Fi & Fantasy"
2,"TV Action & Adventure, TV Mysteries, TV Sci-Fi & Fantasy"
2,"TV Comedies, TV Sci-Fi & Fantasy"
2,"TV Dramas, TV Mysteries, TV Thrillers"
2,"TV Dramas, TV Sci-Fi & Fantasy"
2,"TV Horror, Teen TV Shows"
1,"Action & Adventure, Anime Features"
1,"Action & Adventure, Anime Features, Horror Movies"
1,"Action & Adventure, Children & Family Movies, Cult Movies"
1,"Action & Adventure, Children & Family Movies, Independent Movies"
1,"Action & Adventure, Classic Movies, International Movies"
1,"Action & Adventure, Classic Movies, Sci-Fi & Fantasy"
1,"Action & Adventure, Comedies, Horror Movies"
1,"Action & Adventure, Comedies, Music & Musicals"
1,"Action & Adventure, Comedies, Sports Movies"
1,"Action & Adventure, Cult Movies"
1,"Action & Adventure, Cult Movies, Dramas"
1,"Action & Adventure, Documentaries, Sports Movies"
1,"Action & Adventure, Faith & Spirituality, Sci-Fi & Fantasy"
1,"Action & Adventure, Horror Movies, Independent Movies"
1,"Action & Adventure, Romantic Movies, Sci-Fi & Fantasy"
1,"Action & Adventure, Sci-Fi & Fantasy, Sports Movies"
1,"Action & Adventure, Sci-Fi & Fantasy, Thrillers"
1,Anime Features
1,"Anime Features, Documentaries"
1,"Anime Features, International Movies, Sci-Fi & Fantasy"
1,"Anime Features, Music & Musicals"
1,"Anime Features, Romantic Movies"
1,"Anime Series, Crime TV Shows, TV Horror"
1,"Anime Series, Crime TV Shows, TV Thrillers"
1,"Anime Series, International TV Shows, Spanish-Language TV Shows"
1,"Anime Series, Kids' TV, TV Action & Adventure"
1,"Anime Series, Stand-Up Comedy & Talk Shows"
1,"British TV Shows, Classic & Cult TV, Kids' TV"
1,"British TV Shows, Docuseries, Reality TV"
1,"British TV Shows, Docuseries, TV Comedies"
1,"British TV Shows, International TV Shows, Stand-Up Comedy & Talk Shows"
1,"British TV Shows, Kids' TV, TV Thrillers"
1,"British TV Shows, TV Comedies, TV Dramas"
1,"British TV Shows, TV Dramas, TV Sci-Fi & Fantasy"
1,"British TV Shows, TV Horror, TV Thrillers"
1,"Children & Family Movies, Classic Movies"
1,"Children & Family Movies, Classic Movies, Dramas"
1,"Children & Family Movies, Comedies, Cult Movies"
1,"Children & Family Movies, Comedies, Faith & Spirituality"
1,"Children & Family Movies, Comedies, LGBTQ Movies"
1,"Children & Family Movies, Faith & Spirituality"
1,"Children & Family Movies, Faith & Spirituality, Music & Musicals"
1,"Classic & Cult TV, Crime TV Shows, TV Dramas"
1,"Classic & Cult TV, Kids' TV, Spanish-Language TV Shows"
1,"Classic & Cult TV, Kids' TV, TV Action & Adventure"
1,"Classic & Cult TV, Kids' TV, TV Comedies"
1,"Classic & Cult TV, TV Dramas, TV Sci-Fi & Fantasy"
1,"Classic & Cult TV, TV Horror, TV Mysteries"
1,"Classic & Cult TV, TV Sci-Fi & Fantasy"
1,"Classic Movies, Comedies, Romantic Movies"
1,"Classic Movies, Comedies, Sports Movies"
1,"Classic Movies, Cult Movies, Documentaries"
1,"Classic Movies, Dramas, LGBTQ Movies"
1,"Classic Movies, Horror Movies, Thrillers"
1,"Classic Movies, Independent Movies, Thrillers"
1,"Classic Movies, Music & Musicals"
1,"Classic Movies, Thrillers"
1,"Comedies, Cult Movies, Independent Movies"
1,"Comedies, Cult Movies, LGBTQ Movies"
1,"Comedies, Cult Movies, Sci-Fi & Fantasy"
1,"Comedies, Cult Movies, Sports Movies"
1,"Comedies, Documentaries, International Movies"
1,"Comedies, Dramas, Sports Movies"
1,"Comedies, Independent Movies, Music & Musicals"
1,"Comedies, LGBTQ Movies, Music & Musicals"
1,"Comedies, LGBTQ Movies, Thrillers"
1,"Comedies, Music & Musicals, Sports Movies"
1,"Comedies, Romantic Movies, Sports Movies"
1,"Crime TV Shows, International TV Shows, Reality TV"
1,"Crime TV Shows, International TV Shows, TV Mysteries"
1,"Crime TV Shows, International TV Shows, TV Sci-Fi & Fantasy"
1,"Crime TV Shows, International TV Shows, TV Thrillers"
1,"Crime TV Shows, Kids' TV"
1,"Crime TV Shows, Romantic TV Shows, Spanish-Language TV Shows"
1,"Crime TV Shows, Spanish-Language TV Shows, TV Dramas"
1,"Crime TV Shows, TV Action & Adventure, TV Sci-Fi & Fantasy"
1,"Crime TV Shows, TV Comedies"
1,"Crime TV Shows, TV Comedies, Teen TV Shows"
1,"Crime TV Shows, TV Dramas, TV Horror"
1,"Crime TV Shows, TV Horror, TV Mysteries"
1,"Cult Movies, Dramas, International Movies"
1,"Cult Movies, Dramas, Music & Musicals"
1,"Cult Movies, Dramas, Thrillers"
1,"Cult Movies, Horror Movies, Thrillers"
1,"Cult Movies, Independent Movies, Thrillers"
1,"Documentaries, Dramas"
1,"Documentaries, Faith & Spirituality, Music & Musicals"
1,"Docuseries, Kids' TV, Science & Nature TV"
1,"Docuseries, Reality TV, Teen TV Shows"
1,"Docuseries, Science & Nature TV, TV Comedies"
1,"Docuseries, Science & Nature TV, TV Dramas"
1,"Docuseries, TV Sci-Fi & Fantasy"
1,"Dramas, Faith & Spirituality, Independent Movies"
1,"Dramas, Faith & Spirituality, Sports Movies"
1,"Dramas, Horror Movies, Music & Musicals"
1,"Dramas, Horror Movies, Sci-Fi & Fantasy"
1,"Dramas, Horror Movies, Thrillers"
1,"Horror Movies, International Movies, Sci-Fi & Fantasy"
1,"Horror Movies, LGBTQ Movies, Music & Musicals"
1,"Horror Movies, Romantic Movies, Sci-Fi & Fantasy"
1,Independent Movies
1,"International Movies, Romantic Movies, Sci-Fi & Fantasy"
1,"International Movies, Sports Movies"
1,"International TV Shows, Kids' TV, TV Mysteries"
1,"International TV Shows, Korean TV Shows, TV Horror"
1,"International TV Shows, Reality TV, TV Action & Adventure"
1,"International TV Shows, Romantic TV Shows, TV Mysteries"
1,"International TV Shows, Spanish-Language TV Shows, TV Horror"
1,"International TV Shows, TV Action & Adventure, TV Horror"
1,"International TV Shows, TV Horror, TV Sci-Fi & Fantasy"
1,"Kids' TV, Reality TV, Science & Nature TV"
1,"Kids' TV, Reality TV, TV Dramas"
1,"Kids' TV, Spanish-Language TV Shows, Teen TV Shows"
1,"Kids' TV, TV Action & Adventure, TV Dramas"
1,"Kids' TV, TV Comedies, Teen TV Shows"
1,"Kids' TV, TV Comedies, TV Sci-Fi & Fantasy"
1,"Kids' TV, TV Dramas, Teen TV Shows"
1,"LGBTQ Movies, Thrillers"
1,"Music & Musicals, Romantic Movies"
1,"Reality TV, Science & Nature TV, TV Action & Adventure"
1,"Reality TV, Spanish-Language TV Shows"
1,"Reality TV, TV Action & Adventure, TV Mysteries"
1,"Reality TV, TV Horror, TV Thrillers"
1,"Romantic TV Shows, Spanish-Language TV Shows, TV Comedies"
1,"Romantic TV Shows, Spanish-Language TV Shows, TV Dramas"
1,"Romantic TV Shows, Teen TV Shows"
1,"Romantic TV Shows, TV Action & Adventure, TV Dramas"
1,Sci-Fi & Fantasy
1,Sports Movies
1,"Stand-Up Comedy & Talk Shows, TV Mysteries, TV Sci-Fi & Fantasy"
1,TV Action & Adventure
1,"TV Action & Adventure, TV Comedies"
1,"TV Action & Adventure, TV Comedies, TV Dramas"
1,"TV Action & Adventure, TV Dramas, TV Mysteries"
1,"TV Action & Adventure, TV Horror, TV Sci-Fi & Fantasy"
1,"TV Comedies, TV Dramas, TV Horror"
1,"TV Comedies, TV Dramas, TV Mysteries"
1,"TV Comedies, TV Dramas, TV Sci-Fi & Fantasy"
1,"TV Comedies, TV Horror, TV Thrillers"
1,"TV Comedies, TV Mysteries"
1,"TV Comedies, TV Sci-Fi & Fantasy, Teen TV Shows"
1,"TV Dramas, TV Sci-Fi & Fantasy, Teen TV Shows"
1,"TV Dramas, TV Sci-Fi & Fantasy, TV Thrillers"
1,"TV Horror, TV Mysteries, Teen TV Shows"
1,"TV Sci-Fi & Fantasy, TV Thrillers"
